id;id_envio;fecha;detalles;factura_id
1;Fantastic Berkshire optical;2021-03-07T02:23:26;navigating Centers;1
2;Avon;2021-03-07T14:20:19;whiteboard;2
3;Implementation;2021-03-07T09:21:17;Producer;3
4;Refined Buckinghamshire action-items;2021-03-07T16:56:13;Awesome Granite Table;4
5;Manor Tasty Avon;2021-03-07T05:45:43;schemas;5
6;Inlet cross-platform;2021-03-07T11:21:39;white groupware 4th generation;6
7;Boliviano Mvdol Optimization optical;2021-03-07T10:33:24;driver;7
8;Automotive;2021-03-07T08:25:36;eyeballs Savings Account;8
9;PCI;2021-03-07T06:32:26;Up-sized;9
10;Money Market Account Cambridgeshire ROI;2021-03-07T16:24:06;archive mesh Human;10
